<meta>
<info name="Fanbox" author="ZOMBIE" type= "script" version="1.0.0"/>
<script src="client.lua" type="client"/>
 
    <file src="skins/z1.txd" />
    <file src="skins/z1.dff" />
    <file src="skins/z2.txd" />
    <file src="skins/z2.dff" />
    <file src="skins/z5.txd" />
    <file src="skins/z5.dff" />
    <file src="skins/z6.txd" />
    <file src="skins/z6.dff" />
    <file src="skins/z7.txd" />
    <file src="skins/z7.dff" />
    <file src="skins/z9.txd" />
    <file src="skins/z9.dff" />
    <file src="skins/z10.txd" />
    <file src="skins/z10.dff" />
    <file src="skins/z11.txd" />
    <file src="skins/z11.dff" />
    <file src="skins/z12.txd" />
    <file src="skins/z12.dff" />
    <file src="skins/z13.txd" />
    <file src="skins/z13.dff" />
    <file src="skins/z14.txd" />
    <file src="skins/z14.dff" />
    <file src="skins/z15.txd" />
    <file src="skins/z15.dff" />
    <file src="skins/z16.txd" />
    <file src="skins/z16.dff" />

</meta>